{
  "scene_type": "incline_plane",
  "objects": [
    {
      "type": "incline",
      "angle": 45,
      "length": 5.0,
      "base": [
        0,
        0
      ]
    },
    {
      "type": "block",
      "position": [
        2.5,
        0
      ],
      "on": "incline",
      "mass": 5.0
    }
  ],
  "forces": [
    {
      "type": "gravity",
      "on": "block",
      "direction": "down"
    },
    {
      "type": "normal",
      "on": "block",
      "direction": "perpendicular_to_incline"
    }
  ],
  "parameters": {
    "angle_degrees": 45,
    "length_units": 5.0,
    "mass_kg": 5.0
  }
}