{
  "scene_type": "incline_plane",
  "objects": [
    {
      "type": "incline",
      "angle": 75,
      "length": 3.0,
      "base": [
        0,
        0
      ]
    },
    {
      "type": "block",
      "position": [
        1.5,
        0
      ],
      "on": "incline"
    }
  ],
  "forces": [
    {
      "type": "gravity",
      "on": "block",
      "direction": "down"
    },
    {
      "type": "normal",
      "on": "block",
      "direction": "perpendicular_to_incline"
    }
  ]
}